algo,p_pdr_vs_SHEER,p_bits_per_joule_vs_SHEER,p_overhead_ratio_vs_SHEER
ACTAR,0.4003446379529114,2.5872778771346158e-11,5.504423864205842e-07
DST_WOA,1.753662916665413e-05,4.604259204946691e-09,4.214238355211775e-10
TFSM_DPC,0.31556714634084626,4.296632856476457e-11,0.0008685398639976863
TRAIL,6.0116079000632876e-18,0.09053251483374575,2.042398661780206e-06
