algo,p_pdr_vs_SHEER,p_bits_per_joule_vs_SHEER,p_overhead_ratio_vs_SHEER
ACTAR,0.5094657155010035,0.01187138695099673,0.012644217741696552
DST_WOA,0.02707988067223204,0.006408370021633003,0.022398431363554242
TFSM_DPC,0.04308807827223091,0.006226280427912876,0.2204098216472216
TRAIL,0.017862507919274656,0.17072971978683843,0.06482721998667945
