algo,auc_norm_mean,auc_norm_std,n,auc_norm_ci95
ACTAR,0.7484261226983783,,1,
DST_WOA,0.7579760368738345,,1,
SHEER,0.7465194780611013,,1,
TFSM_DPC,0.7532426512223368,,1,
TRAIL,0.7621053204047035,,1,
