algo,seed,auc_raw,auc_norm
ACTAR,42,0.29937044907935134,0.7484261226983783
DST_WOA,42,0.30319041474953384,0.7579760368738345
SHEER,42,0.29860779122444053,0.7465194780611013
TFSM_DPC,42,0.30129706048893473,0.7532426512223368
TRAIL,42,0.3048421281618814,0.7621053204047035
