algo,auc_norm_mean,auc_norm_std,n,auc_norm_ci95
ACTAR,0.7559376122818424,0.004586504297047843,10,0.0028427448150568514
DST_WOA,0.763083767674694,0.004964462515705066,10,0.003077005745998858
SHEER,0.7547979610876532,0.005733422581356567,10,0.0035536121324844434
TFSM_DPC,0.7554898333572323,0.004854669054890487,10,0.0030089550539590215
TRAIL,0.785239216753474,0.004256178005984519,10,0.002638006458700869
