algo,pdr_slope_mean,pdr_slope_std,n,pdr_slope_ci95
ACTAR,-0.7992513390984989,0.019382080732781432,10,0.012013138098135518
DST_WOA,-0.7780414059623769,0.013898447663720368,10,0.008614347109368455
SHEER,-0.8091965342309397,0.020110106211505274,10,0.012464372964786271
TFSM_DPC,-0.7936618289592076,0.018106226469731857,10,0.011222355433135756
TRAIL,-0.806967053811108,0.01430543061281046,10,0.008866597754611955
