algo,pdr_slope_mean,pdr_slope_std,n,pdr_slope_ci95
ACTAR,-0.7920347927667362,0.012569122606670887,5,0.011017321725889819
DST_WOA,-0.7808409153753993,0.01844305965713948,5,0.016166054561727553
SHEER,-0.8072878924972434,0.021552754054782953,5,0.01889182188218093
TFSM_DPC,-0.7876539787373028,0.013795862514405633,5,0.012092606665057248
TRAIL,-0.7702055743556746,0.012637098303601798,5,0.011076905051318751
