algo,pdr_mean,pdr_std,bpj_mean,bpj_std,overhead_mean,overhead_std,timely_overall_mean,timely_overall_std,n,pdr_ci95,bpj_ci95,overhead_ci95,timely_overall_ci95
ACTAR,0.7526466278431004,0.11464693705389363,1306.5367238068623,126.29555854760004,0.14542725102687198,0.02230145396901658,0.6741187779633073,0.15153368975992526,25,0.0449415993251263,49.50785895065921,0.008742169955854499,0.059401206385890706
DST_WOA,0.7619425928554704,0.11287451016437512,1379.2297321827882,116.6712977079181,0.14308161221380788,0.02111157259958858,0.6994541249944646,0.1462332995664833,25,0.044246807984435046,45.735148701503896,0.008275736459038723,0.05732345343006144
SHEER,0.7540770475076407,0.1168082882501094,1337.6853720604956,132.8384141697684,0.14772223975369728,0.022900598832447452,0.6770344748066012,0.1536595567439175,25,0.04578884899404288,52.07265835454922,0.0089770347423194,0.06023454624361566
TFSM_DPC,0.756234556237807,0.11413490596673727,1248.9798242315521,96.77789353358204,0.1460060408160645,0.021437146736698907,0.6837685224680128,0.149890202544305,25,0.044740883138961005,37.93693426516416,0.008403361520785971,0.05875695939736756
TRAIL,0.7908539420597809,0.11128804482482049,1360.5601245719795,70.42751538115621,0.14207766911870442,0.018475456935603856,0.74587795733792,0.14047559144935634,25,0.04362491357132963,27.607586029413234,0.007242379118756711,0.05506643184814769
