algo,pdr_mean,pdr_std,bpj_mean,bpj_std,overhead_mean,overhead_std,timely_overall_mean,timely_overall_std,n,pdr_ci95,bpj_ci95,overhead_ci95,timely_overall_ci95
ACTAR,0.7566926563888176,0.11440329211160277,1309.6163716396766,124.93635067472918,0.14444241923651047,0.022032196314848172,0.6776535805268786,0.1513342939327325,50,0.03171097470773447,34.63058958529019,0.006107013244115662,0.04194772614263803
DST_WOA,0.763671688771227,0.11133933626834897,1370.096528613847,116.74906031247481,0.14298065346465216,0.02080749551347194,0.6998194308849891,0.14517583540785592,50,0.030861689477758275,32.3611884796904,0.005767543501417191,0.04024068853107627
SHEER,0.7558250850423957,0.11592428867322377,1332.9015204495463,131.8353874341977,0.1472233187682176,0.022798085114375304,0.6785805705815139,0.15314936460011697,50,0.032132573445024855,36.542905010390164,0.006319306788317602,0.04245083806331625
TFSM_DPC,0.7563761050125456,0.11360441352445859,1246.6263712936716,96.97503438829884,0.14593518956436868,0.021561458540727704,0.6855786803201909,0.1481633168401463,50,0.031489536860939235,26.880108133331778,0.0059765313901970945,0.0410687761358173
TRAIL,0.7865925502637023,0.1155083800547654,1359.9759556182755,69.01021543861238,0.1424280673251178,0.01864554436227139,0.739197707522498,0.14660050929565843,50,0.03201728945767424,19.128655792652655,0.005168281216130867,0.04063558798535774
