algo_tag,algo,FND,HND,LND,func_life_pdr85,drop_p,total_p,pdr,drop_rate,timely_transfer_rate,energy_rate,energy_per_delivered,throughput_bits_per_round,avg_ch_per_round,avg_cluster_size,avg_hops_to_bs,malicious_delay,malicious_drop,blacklisted_malicious,blacklisted_normal,false_blacklist_events,control_overhead_bits,rounds_run,seed
SHEER,SHEER,1362,1382,7193,300,40402,98427,0.5895231999349771,0.41047680006502285,0.7844205084015511,0.6908515482244927,0.0008612831425488476,32267.482274433478,1.9578757124982622,4.90186722541095,1.0,2602,25531,40,0,0,42208800,7193,42
ACTAR,ACTAR,913,994,5121,300,38589,95450,0.5957150340492404,0.4042849659507596,0.7854944513814389,0.6941068214430343,0.0008788805672549463,44413.981644210115,2.195469634836946,5.491533694125962,1.5997608202458626,2059,29244,26,0,0,40440600,5121,42
TFSM_DPC,TFSM_DPC,783,1335,7620,300,37126,91617,0.5947695296724407,0.4052304703275593,0.7982419115083225,0.6985646397733596,0.0009140265065978916,28604.199475065616,1.931233595800525,4.249066981525586,1.7299187021710007,2689,27485,36,0,0,39560800,7620,42
DST_WOA,DST_WOA,778,1681,5755,300,38542,99697,0.6134086281432741,0.3865913718567259,0.8088627258605183,0.7313546915210951,0.0008172087516627692,42505.647263249346,1.9310165073848826,6.985870257746894,1.2319515983975144,1842,23527,40,0,0,42120400,5755,42
TRAIL,TRAIL,690,1130,5365,794,39414,103902,0.6206617774441301,0.3793382225558699,0.8522205681677211,0.7594664624533438,0.0007749413128040731,48080.521901211556,1.9041938490214352,10.966370249559903,1.0418372410370922,1281,19734,50,0,0,43627800,5365,42
