algo_tag,algo,FND,HND,LND,func_life_pdr85,drop_p,total_p,pdr,drop_rate,timely_transfer_rate,energy_rate,energy_per_delivered,throughput_bits_per_round,avg_ch_per_round,avg_cluster_size,avg_hops_to_bs,malicious_delay,malicious_drop,blacklisted_malicious,blacklisted_normal,false_blacklist_events,control_overhead_bits,rounds_run,seed
SHEER,SHEER,1326,1341,8936,300,22780,88655,0.7430488974113135,0.2569511025886865,0.8903529411764706,0.8110971991649601,0.0007586317590872526,29487.466427931962,1.846016114592659,2.7621786673487665,1.0,2849,14880,15,0,0,38772200,8936,42
ACTAR,ACTAR,867,984,8089,300,21496,86198,0.7506206640525303,0.24937933594746975,0.8847176285122562,0.8159012905593704,0.0007723814202195701,31995.055012980592,1.8553591296822847,2.4895169753804938,1.6499644524125994,2731,17395,9,0,0,37453200,8089,42
TFSM_DPC,TFSM_DPC,710,1137,6613,300,21147,84256,0.7490149069502469,0.25098509304975314,0.898873377806652,0.831922110722691,0.0007905739507522022,38172.690155753815,2.0458188416754877,4.033617276363517,1.7590517992679333,1967,14806,24,0,0,36421800,6613,42
DST_WOA,DST_WOA,713,1533,5285,300,23020,92405,0.7508792814241654,0.24912071857583462,0.9161922605750522,0.8474482773639708,0.0007202984594244306,52514.66414380322,2.0350047303689687,6.568520971302431,1.2325286445197088,1235,13012,26,0,0,39130400,5285,42
TRAIL,TRAIL,562,973,4732,894,22653,92710,0.7556574263833459,0.24434257361665412,0.9271164908574446,0.8637978054773764,0.0007132801050293051,59219.78021978022,2.4676669484361793,7.784495837531024,1.1739726222932754,1087,10349,30,0,0,39448000,4732,42
